Workbook

Sheet vm-commands
B1: Instructions
B2: Change the Subscription name as per the aks
B3: Run SSH Command 1, 2, 3, 4
A5: Sno | B5: DNS | C5: User Name | D5: Command 1 | E5: SSH Command 1 | F5: Subscription Name | G5: Command 2 | H5: SSH Command 2 | I5: AKS RG Name | J5: AKS Name | K5: Command 3 | L5: SSH Command 3 | M5: Command 4 | N5: SSH Command 4
A6: 1 | B6: lnx-plqz-htbyo-0-0.eastus.cloudapp.azure.com | C6: tuser | D6: az login -u asreet-tech@atttrainings.com -p Azure@123456 | E6: =_xlfn.CONCAT("ssh -i ssh-keys/terraform-azure.pem -o StrictHostKeyChecking=no tuser@",B6," ", D6) -> ssh -i ssh-keys/terraform-azure.pem -o StrictHostKeyChecking=no tuser@lnx-plqz-htbyo-0-0.eastus.cloudapp.azure.com az login -u asreet-tech@atttrainings.com -p Azure@123456 | F6: ='aks details'!C2 -> 6378784e-0a8a-4197-a15d-afc70adb2952 | G6: =_xlfn.CONCAT("az account set --subscription ", "'", F6,"'") -> az account set --subscription '6378784e-0a8a-4197-a15d-afc70adb2952' | H6: =_xlfn.CONCAT("ssh -i ssh-keys/terraform-azure.pem -o StrictHostKeyChecking=no tuser@",B6," ", G6) -> ssh -i ssh-keys/terraform-azure.pem -o StrictHostKeyChecking=no tuser@lnx-plqz-htbyo-0-0.eastus.cloudapp.azure.com az account set --subscription '6378784e-0a8a-4197-a15d-afc70adb2952' | I6: ='aks details'!E2 -> rg-aks-0 | J6: ='aks details'!F2 -> aks-0 | K6: =_xlfn.CONCAT("az aks get-credentials --resource-group ", I6," --name ", J6, " --overwrite") -> az aks get-credentials --resource-group rg-aks-0 --name aks-0 --overwrite | L6: =_xlfn.CONCAT("ssh -i ssh-keys/terraform-azure.pem -o StrictHostKeyChecking=no tuser@",B6," ", K6) -> ssh -i ssh-keys/terraform-azure.pem -o StrictHostKeyChecking=no tuser@lnx-plqz-htbyo-0-0.eastus.cloudapp.azure.com az aks get-credentials --resource-group rg-aks-0 --name aks-0 --overwrite | M6: kubectl get nodes -o wide | N6: =_xlfn.CONCAT("ssh -i ssh-keys/terraform-azure.pem -o StrictHostKeyChecking=no tuser@",B6," ", M6) -> ssh -i ssh-keys/terraform-azure.pem -o StrictHostKeyChecking=no tuser@lnx-plqz-htbyo-0-0.eastus.cloudapp.azure.com kubectl get nodes -o wide
A7: 2 | B7: lnx-plqz-htbyo-0-1.eastus.cloudapp.azure.com | C7: tuser | D7: az login -u asreet-tech@atttrainings.com -p Azure@123456 | E7: =_xlfn.CONCAT("ssh -i ssh-keys/terraform-azure.pem -o StrictHostKeyChecking=no tuser@",B7," ", D7) -> ssh -i ssh-keys/terraform-azure.pem -o StrictHostKeyChecking=no tuser@lnx-plqz-htbyo-0-1.eastus.cloudapp.azure.com az login -u asreet-tech@atttrainings.com -p Azure@123456 | F7: ='aks details'!C3 -> 6378784e-0a8a-4197-a15d-afc70adb2952 | G7: =_xlfn.CONCAT("az account set --subscription ", "'", F7,"'") -> az account set --subscription '6378784e-0a8a-4197-a15d-afc70adb2952' | H7: =_xlfn.CONCAT("ssh -i ssh-keys/terraform-azure.pem -o StrictHostKeyChecking=no tuser@",B7," ", G7) -> ssh -i ssh-keys/terraform-azure.pem -o StrictHostKeyChecking=no tuser@lnx-plqz-htbyo-0-1.eastus.cloudapp.azure.com az account set --subscription '6378784e-0a8a-4197-a15d-afc70adb2952' | I7: ='aks details'!E3 -> rg-aks-1 | J7: ='aks details'!F3 -> aks-1 | K7: =_xlfn.CONCAT("az aks get-credentials --resource-group ", I7," --name ", J7, " --overwrite") -> az aks get-credentials --resource-group rg-aks-1 --name aks-1 --overwrite | L7: =_xlfn.CONCAT("ssh -i ssh-keys/terraform-azure.pem -o StrictHostKeyChecking=no tuser@",B7," ", K7) -> ssh -i ssh-keys/terraform-azure.pem -o StrictHostKeyChecking=no tuser@lnx-plqz-htbyo-0-1.eastus.cloudapp.azure.com az aks get-credentials --resource-group rg-aks-1 --name aks-1 --overwrite | M7: kubectl get nodes -o wide | N7: =_xlfn.CONCAT("ssh -i ssh-keys/terraform-azure.pem -o StrictHostKeyChecking=no tuser@",B7," ", M7) -> ssh -i ssh-keys/terraform-azure.pem -o StrictHostKeyChecking=no tuser@lnx-plqz-htbyo-0-1.eastus.cloudapp.azure.com kubectl get nodes -o wide
A8: 3 | B8: lnx-plqz-htbyo-0-2.eastus.cloudapp.azure.com | C8: tuser | D8: az login -u asreet-tech@atttrainings.com -p Azure@123456 | E8: =_xlfn.CONCAT("ssh -i ssh-keys/terraform-azure.pem -o StrictHostKeyChecking=no tuser@",B8," ", D8) -> ssh -i ssh-keys/terraform-azure.pem -o StrictHostKeyChecking=no tuser@lnx-plqz-htbyo-0-2.eastus.cloudapp.azure.com az login -u asreet-tech@atttrainings.com -p Azure@123456 | F8: ='aks details'!C4 -> 6378784e-0a8a-4197-a15d-afc70adb2952 | G8: =_xlfn.CONCAT("az account set --subscription ", "'", F8,"'") -> az account set --subscription '6378784e-0a8a-4197-a15d-afc70adb2952' | H8: =_xlfn.CONCAT("ssh -i ssh-keys/terraform-azure.pem -o StrictHostKeyChecking=no tuser@",B8," ", G8) -> ssh -i ssh-keys/terraform-azure.pem -o StrictHostKeyChecking=no tuser@lnx-plqz-htbyo-0-2.eastus.cloudapp.azure.com az account set --subscription '6378784e-0a8a-4197-a15d-afc70adb2952' | I8: ='aks details'!E4 -> rg-aks-2 | J8: ='aks details'!F4 -> aks-2 | K8: =_xlfn.CONCAT("az aks get-credentials --resource-group ", I8," --name ", J8, " --overwrite") -> az aks get-credentials --resource-group rg-aks-2 --name aks-2 --overwrite | L8: =_xlfn.CONCAT("ssh -i ssh-keys/terraform-azure.pem -o StrictHostKeyChecking=no tuser@",B8," ", K8) -> ssh -i ssh-keys/terraform-azure.pem -o StrictHostKeyChecking=no tuser@lnx-plqz-htbyo-0-2.eastus.cloudapp.azure.com az aks get-credentials --resource-group rg-aks-2 --name aks-2 --overwrite | M8: kubectl get nodes -o wide | N8: =_xlfn.CONCAT("ssh -i ssh-keys/terraform-azure.pem -o StrictHostKeyChecking=no tuser@",B8," ", M8) -> ssh -i ssh-keys/terraform-azure.pem -o StrictHostKeyChecking=no tuser@lnx-plqz-htbyo-0-2.eastus.cloudapp.azure.com kubectl get nodes -o wide
A9: 4 | B9: lnx-plqz-htbyo-1-0.eastus2.cloudapp.azure.com | C9: tuser | D9: az login -u asreet-tech@atttrainings.com -p Azure@123456 | E9: =_xlfn.CONCAT("ssh -i ssh-keys/terraform-azure.pem -o StrictHostKeyChecking=no tuser@",B9," ", D9) -> ssh -i ssh-keys/terraform-azure.pem -o StrictHostKeyChecking=no tuser@lnx-plqz-htbyo-1-0.eastus2.cloudapp.azure.com az login -u asreet-tech@atttrainings.com -p Azure@123456 | F9: ='aks details'!C5 -> 18c950cd-7d1d-4834-a27b-ce656074eea1 | G9: =_xlfn.CONCAT("az account set --subscription ", "'", F9,"'") -> az account set --subscription '18c950cd-7d1d-4834-a27b-ce656074eea1' | H9: =_xlfn.CONCAT("ssh -i ssh-keys/terraform-azure.pem -o StrictHostKeyChecking=no tuser@",B9," ", G9) -> ssh -i ssh-keys/terraform-azure.pem -o StrictHostKeyChecking=no tuser@lnx-plqz-htbyo-1-0.eastus2.cloudapp.azure.com az account set --subscription '18c950cd-7d1d-4834-a27b-ce656074eea1' | I9: ='aks details'!E5 -> rg-aks-0 | J9: ='aks details'!F5 -> aks-0 | K9: =_xlfn.CONCAT("az aks get-credentials --resource-group ", I9," --name ", J9, " --overwrite") -> az aks get-credentials --resource-group rg-aks-0 --name aks-0 --overwrite | L9: =_xlfn.CONCAT("ssh -i ssh-keys/terraform-azure.pem -o StrictHostKeyChecking=no tuser@",B9," ", K9) -> ssh -i ssh-keys/terraform-azure.pem -o StrictHostKeyChecking=no tuser@lnx-plqz-htbyo-1-0.eastus2.cloudapp.azure.com az aks get-credentials --resource-group rg-aks-0 --name aks-0 --overwrite | M9: kubectl get nodes -o wide | N9: =_xlfn.CONCAT("ssh -i ssh-keys/terraform-azure.pem -o StrictHostKeyChecking=no tuser@",B9," ", M9) -> ssh -i ssh-keys/terraform-azure.pem -o StrictHostKeyChecking=no tuser@lnx-plqz-htbyo-1-0.eastus2.cloudapp.azure.com kubectl get nodes -o wide
A10: 5 | B10: lnx-plqz-htbyo-1-1.eastus2.cloudapp.azure.com | C10: tuser | D10: az login -u asreet-tech@atttrainings.com -p Azure@123456 | E10: =_xlfn.CONCAT("ssh -i ssh-keys/terraform-azure.pem -o StrictHostKeyChecking=no tuser@",B10," ", D10) -> ssh -i ssh-keys/terraform-azure.pem -o StrictHostKeyChecking=no tuser@lnx-plqz-htbyo-1-1.eastus2.cloudapp.azure.com az login -u asreet-tech@atttrainings.com -p Azure@123456 | F10: ='aks details'!C6 -> 18c950cd-7d1d-4834-a27b-ce656074eea1 | G10: =_xlfn.CONCAT("az account set --subscription ", "'", F10,"'") -> az account set --subscription '18c950cd-7d1d-4834-a27b-ce656074eea1' | H10: =_xlfn.CONCAT("ssh -i ssh-keys/terraform-azure.pem -o StrictHostKeyChecking=no tuser@",B10," ", G10) -> ssh -i ssh-keys/terraform-azure.pem -o StrictHostKeyChecking=no tuser@lnx-plqz-htbyo-1-1.eastus2.cloudapp.azure.com az account set --subscription '18c950cd-7d1d-4834-a27b-ce656074eea1' | I10: ='aks details'!E6 -> rg-aks-1 | J10: ='aks details'!F6 -> aks-1 | K10: =_xlfn.CONCAT("az aks get-credentials --resource-group ", I10," --name ", J10, " --overwrite") -> az aks get-credentials --resource-group rg-aks-1 --name aks-1 --overwrite | L10: =_xlfn.CONCAT("ssh -i ssh-keys/terraform-azure.pem -o StrictHostKeyChecking=no tuser@",B10," ", K10) -> ssh -i ssh-keys/terraform-azure.pem -o StrictHostKeyChecking=no tuser@lnx-plqz-htbyo-1-1.eastus2.cloudapp.azure.com az aks get-credentials --resource-group rg-aks-1 --name aks-1 --overwrite | M10: kubectl get nodes -o wide | N10: =_xlfn.CONCAT("ssh -i ssh-keys/terraform-azure.pem -o StrictHostKeyChecking=no tuser@",B10," ", M10) -> ssh -i ssh-keys/terraform-azure.pem -o StrictHostKeyChecking=no tuser@lnx-plqz-htbyo-1-1.eastus2.cloudapp.azure.com kubectl get nodes -o wide
A11: 6 | B11: lnx-plqz-htbyo-1-2.eastus2.cloudapp.azure.com | C11: tuser | D11: az login -u asreet-tech@atttrainings.com -p Azure@123456 | E11: =_xlfn.CONCAT("ssh -i ssh-keys/terraform-azure.pem -o StrictHostKeyChecking=no tuser@",B11," ", D11) -> ssh -i ssh-keys/terraform-azure.pem -o StrictHostKeyChecking=no tuser@lnx-plqz-htbyo-1-2.eastus2.cloudapp.azure.com az login -u asreet-tech@atttrainings.com -p Azure@123456 | F11: ='aks details'!C7 -> 18c950cd-7d1d-4834-a27b-ce656074eea1 | G11: =_xlfn.CONCAT("az account set --subscription ", "'", F11,"'") -> az account set --subscription '18c950cd-7d1d-4834-a27b-ce656074eea1' | H11: =_xlfn.CONCAT("ssh -i ssh-keys/terraform-azure.pem -o StrictHostKeyChecking=no tuser@",B11," ", G11) -> ssh -i ssh-keys/terraform-azure.pem -o StrictHostKeyChecking=no tuser@lnx-plqz-htbyo-1-2.eastus2.cloudapp.azure.com az account set --subscription '18c950cd-7d1d-4834-a27b-ce656074eea1' | I11: ='aks details'!E7 -> rg-aks-2 | J11: ='aks details'!F7 -> aks-2 | K11: =_xlfn.CONCAT("az aks get-credentials --resource-group ", I11," --name ", J11, " --overwrite") -> az aks get-credentials --resource-group rg-aks-2 --name aks-2 --overwrite | L11: =_xlfn.CONCAT("ssh -i ssh-keys/terraform-azure.pem -o StrictHostKeyChecking=no tuser@",B11," ", K11) -> ssh -i ssh-keys/terraform-azure.pem -o StrictHostKeyChecking=no tuser@lnx-plqz-htbyo-1-2.eastus2.cloudapp.azure.com az aks get-credentials --resource-group rg-aks-2 --name aks-2 --overwrite | M11: kubectl get nodes -o wide | N11: =_xlfn.CONCAT("ssh -i ssh-keys/terraform-azure.pem -o StrictHostKeyChecking=no tuser@",B11," ", M11) -> ssh -i ssh-keys/terraform-azure.pem -o StrictHostKeyChecking=no tuser@lnx-plqz-htbyo-1-2.eastus2.cloudapp.azure.com kubectl get nodes -o wide
A12: 7 | B12: lnx-plqz-htbyo-2-0.japaneast.cloudapp.azure.com | C12: tuser | D12: az login -u asreet-tech@atttrainings.com -p Azure@123456 | E12: =_xlfn.CONCAT("ssh -i ssh-keys/terraform-azure.pem -o StrictHostKeyChecking=no tuser@",B12," ", D12) -> ssh -i ssh-keys/terraform-azure.pem -o StrictHostKeyChecking=no tuser@lnx-plqz-htbyo-2-0.japaneast.cloudapp.azure.com az login -u asreet-tech@atttrainings.com -p Azure@123456 | F12: ='aks details'!C8 -> 81b49d19-6ecd-4a24-96f4-95ec17aa6799 | G12: =_xlfn.CONCAT("az account set --subscription ", "'", F12,"'") -> az account set --subscription '81b49d19-6ecd-4a24-96f4-95ec17aa6799' | H12: =_xlfn.CONCAT("ssh -i ssh-keys/terraform-azure.pem -o StrictHostKeyChecking=no tuser@",B12," ", G12) -> ssh -i ssh-keys/terraform-azure.pem -o StrictHostKeyChecking=no tuser@lnx-plqz-htbyo-2-0.japaneast.cloudapp.azure.com az account set --subscription '81b49d19-6ecd-4a24-96f4-95ec17aa6799' | I12: ='aks details'!E8 -> rg-aks-0 | J12: ='aks details'!F8 -> aks-0 | K12: =_xlfn.CONCAT("az aks get-credentials --resource-group ", I12," --name ", J12, " --overwrite") -> az aks get-credentials --resource-group rg-aks-0 --name aks-0 --overwrite | L12: =_xlfn.CONCAT("ssh -i ssh-keys/terraform-azure.pem -o StrictHostKeyChecking=no tuser@",B12," ", K12) -> ssh -i ssh-keys/terraform-azure.pem -o StrictHostKeyChecking=no tuser@lnx-plqz-htbyo-2-0.japaneast.cloudapp.azure.com az aks get-credentials --resource-group rg-aks-0 --name aks-0 --overwrite | M12: kubectl get nodes -o wide | N12: =_xlfn.CONCAT("ssh -i ssh-keys/terraform-azure.pem -o StrictHostKeyChecking=no tuser@",B12," ", M12) -> ssh -i ssh-keys/terraform-azure.pem -o StrictHostKeyChecking=no tuser@lnx-plqz-htbyo-2-0.japaneast.cloudapp.azure.com kubectl get nodes -o wide
A13: 8 | B13: lnx-plqz-htbyo-2-1.japaneast.cloudapp.azure.com | C13: tuser | D13: az login -u asreet-tech@atttrainings.com -p Azure@123456 | E13: =_xlfn.CONCAT("ssh -i ssh-keys/terraform-azure.pem -o StrictHostKeyChecking=no tuser@",B13," ", D13) -> ssh -i ssh-keys/terraform-azure.pem -o StrictHostKeyChecking=no tuser@lnx-plqz-htbyo-2-1.japaneast.cloudapp.azure.com az login -u asreet-tech@atttrainings.com -p Azure@123456 | F13: ='aks details'!C9 -> 81b49d19-6ecd-4a24-96f4-95ec17aa6799 | G13: =_xlfn.CONCAT("az account set --subscription ", "'", F13,"'") -> az account set --subscription '81b49d19-6ecd-4a24-96f4-95ec17aa6799' | H13: =_xlfn.CONCAT("ssh -i ssh-keys/terraform-azure.pem -o StrictHostKeyChecking=no tuser@",B13," ", G13) -> ssh -i ssh-keys/terraform-azure.pem -o StrictHostKeyChecking=no tuser@lnx-plqz-htbyo-2-1.japaneast.cloudapp.azure.com az account set --subscription '81b49d19-6ecd-4a24-96f4-95ec17aa6799' | I13: ='aks details'!E9 -> rg-aks-1 | J13: ='aks details'!F9 -> aks-1 | K13: =_xlfn.CONCAT("az aks get-credentials --resource-group ", I13," --name ", J13, " --overwrite") -> az aks get-credentials --resource-group rg-aks-1 --name aks-1 --overwrite | L13: =_xlfn.CONCAT("ssh -i ssh-keys/terraform-azure.pem -o StrictHostKeyChecking=no tuser@",B13," ", K13) -> ssh -i ssh-keys/terraform-azure.pem -o StrictHostKeyChecking=no tuser@lnx-plqz-htbyo-2-1.japaneast.cloudapp.azure.com az aks get-credentials --resource-group rg-aks-1 --name aks-1 --overwrite | M13: kubectl get nodes -o wide | N13: =_xlfn.CONCAT("ssh -i ssh-keys/terraform-azure.pem -o StrictHostKeyChecking=no tuser@",B13," ", M13) -> ssh -i ssh-keys/terraform-azure.pem -o StrictHostKeyChecking=no tuser@lnx-plqz-htbyo-2-1.japaneast.cloudapp.azure.com kubectl get nodes -o wide
A14: 9 | B14: lnx-plqz-htbyo-2-2.japaneast.cloudapp.azure.com | C14: tuser | D14: az login -u asreet-tech@atttrainings.com -p Azure@123456 | E14: =_xlfn.CONCAT("ssh -i ssh-keys/terraform-azure.pem -o StrictHostKeyChecking=no tuser@",B14," ", D14) -> ssh -i ssh-keys/terraform-azure.pem -o StrictHostKeyChecking=no tuser@lnx-plqz-htbyo-2-2.japaneast.cloudapp.azure.com az login -u asreet-tech@atttrainings.com -p Azure@123456 | F14: ='aks details'!C10 -> 81b49d19-6ecd-4a24-96f4-95ec17aa6799 | G14: =_xlfn.CONCAT("az account set --subscription ", "'", F14,"'") -> az account set --subscription '81b49d19-6ecd-4a24-96f4-95ec17aa6799' | H14: =_xlfn.CONCAT("ssh -i ssh-keys/terraform-azure.pem -o StrictHostKeyChecking=no tuser@",B14," ", G14) -> ssh -i ssh-keys/terraform-azure.pem -o StrictHostKeyChecking=no tuser@lnx-plqz-htbyo-2-2.japaneast.cloudapp.azure.com az account set --subscription '81b49d19-6ecd-4a24-96f4-95ec17aa6799' | I14: ='aks details'!E10 -> rg-aks-2 | J14: ='aks details'!F10 -> aks-2 | K14: =_xlfn.CONCAT("az aks get-credentials --resource-group ", I14," --name ", J14, " --overwrite") -> az aks get-credentials --resource-group rg-aks-2 --name aks-2 --overwrite | L14: =_xlfn.CONCAT("ssh -i ssh-keys/terraform-azure.pem -o StrictHostKeyChecking=no tuser@",B14," ", K14) -> ssh -i ssh-keys/terraform-azure.pem -o StrictHostKeyChecking=no tuser@lnx-plqz-htbyo-2-2.japaneast.cloudapp.azure.com az aks get-credentials --resource-group rg-aks-2 --name aks-2 --overwrite | M14: kubectl get nodes -o wide | N14: =_xlfn.CONCAT("ssh -i ssh-keys/terraform-azure.pem -o StrictHostKeyChecking=no tuser@",B14," ", M14) -> ssh -i ssh-keys/terraform-azure.pem -o StrictHostKeyChecking=no tuser@lnx-plqz-htbyo-2-2.japaneast.cloudapp.azure.com kubectl get nodes -o wide
A15: 10 | B15: lnx-mkqla-rby-0-0.eastus.cloudapp.azure.com | C15: tuser | D15: az login -u asreet-tech@atttrainings.com -p Azure@123456 | E15: =_xlfn.CONCAT("ssh -i ssh-keys/terraform-azure.pem -o StrictHostKeyChecking=no tuser@",B15," ", D15) -> ssh -i ssh-keys/terraform-azure.pem -o StrictHostKeyChecking=no tuser@lnx-mkqla-rby-0-0.eastus.cloudapp.azure.com az login -u asreet-tech@atttrainings.com -p Azure@123456 | F15: ='aks details'!C11 -> d7c166d0-9efb-412b-bdbc-0fa80d587141 | G15: =_xlfn.CONCAT("az account set --subscription ", "'", F15,"'") -> az account set --subscription 'd7c166d0-9efb-412b-bdbc-0fa80d587141' | H15: =_xlfn.CONCAT("ssh -i ssh-keys/terraform-azure.pem -o StrictHostKeyChecking=no tuser@",B15," ", G15) -> ssh -i ssh-keys/terraform-azure.pem -o StrictHostKeyChecking=no tuser@lnx-mkqla-rby-0-0.eastus.cloudapp.azure.com az account set --subscription 'd7c166d0-9efb-412b-bdbc-0fa80d587141' | I15: ='aks details'!E11 -> rg-aks-0 | J15: ='aks details'!F11 -> aks-0 | K15: =_xlfn.CONCAT("az aks get-credentials --resource-group ", I15," --name ", J15, " --overwrite") -> az aks get-credentials --resource-group rg-aks-0 --name aks-0 --overwrite | L15: =_xlfn.CONCAT("ssh -i ssh-keys/terraform-azure.pem -o StrictHostKeyChecking=no tuser@",B15," ", K15) -> ssh -i ssh-keys/terraform-azure.pem -o StrictHostKeyChecking=no tuser@lnx-mkqla-rby-0-0.eastus.cloudapp.azure.com az aks get-credentials --resource-group rg-aks-0 --name aks-0 --overwrite | M15: kubectl get nodes -o wide | N15: =_xlfn.CONCAT("ssh -i ssh-keys/terraform-azure.pem -o StrictHostKeyChecking=no tuser@",B15," ", M15) -> ssh -i ssh-keys/terraform-azure.pem -o StrictHostKeyChecking=no tuser@lnx-mkqla-rby-0-0.eastus.cloudapp.azure.com kubectl get nodes -o wide
A16: 11 | B16: lnx-mkqla-rby-0-1.eastus.cloudapp.azure.com | C16: tuser | D16: az login -u asreet-tech@atttrainings.com -p Azure@123456 | E16: =_xlfn.CONCAT("ssh -i ssh-keys/terraform-azure.pem -o StrictHostKeyChecking=no tuser@",B16," ", D16) -> ssh -i ssh-keys/terraform-azure.pem -o StrictHostKeyChecking=no tuser@lnx-mkqla-rby-0-1.eastus.cloudapp.azure.com az login -u asreet-tech@atttrainings.com -p Azure@123456 | F16: ='aks details'!C12 -> d7c166d0-9efb-412b-bdbc-0fa80d587141 | G16: =_xlfn.CONCAT("az account set --subscription ", "'", F16,"'") -> az account set --subscription 'd7c166d0-9efb-412b-bdbc-0fa80d587141' | H16: =_xlfn.CONCAT("ssh -i ssh-keys/terraform-azure.pem -o StrictHostKeyChecking=no tuser@",B16," ", G16) -> ssh -i ssh-keys/terraform-azure.pem -o StrictHostKeyChecking=no tuser@lnx-mkqla-rby-0-1.eastus.cloudapp.azure.com az account set --subscription 'd7c166d0-9efb-412b-bdbc-0fa80d587141' | I16: ='aks details'!E12 -> rg-aks-1 | J16: ='aks details'!F12 -> aks-1 | K16: =_xlfn.CONCAT("az aks get-credentials --resource-group ", I16," --name ", J16, " --overwrite") -> az aks get-credentials --resource-group rg-aks-1 --name aks-1 --overwrite | L16: =_xlfn.CONCAT("ssh -i ssh-keys/terraform-azure.pem -o StrictHostKeyChecking=no tuser@",B16," ", K16) -> ssh -i ssh-keys/terraform-azure.pem -o StrictHostKeyChecking=no tuser@lnx-mkqla-rby-0-1.eastus.cloudapp.azure.com az aks get-credentials --resource-group rg-aks-1 --name aks-1 --overwrite | M16: kubectl get nodes -o wide | N16: =_xlfn.CONCAT("ssh -i ssh-keys/terraform-azure.pem -o StrictHostKeyChecking=no tuser@",B16," ", M16) -> ssh -i ssh-keys/terraform-azure.pem -o StrictHostKeyChecking=no tuser@lnx-mkqla-rby-0-1.eastus.cloudapp.azure.com kubectl get nodes -o wide
A17: 12 | B17: lnx-mkqla-rby-0-2.eastus.cloudapp.azure.com | C17: tuser | D17: az login -u asreet-tech@atttrainings.com -p Azure@123456 | E17: =_xlfn.CONCAT("ssh -i ssh-keys/terraform-azure.pem -o StrictHostKeyChecking=no tuser@",B17," ", D17) -> ssh -i ssh-keys/terraform-azure.pem -o StrictHostKeyChecking=no tuser@lnx-mkqla-rby-0-2.eastus.cloudapp.azure.com az login -u asreet-tech@atttrainings.com -p Azure@123456 | F17: ='aks details'!C13 -> d7c166d0-9efb-412b-bdbc-0fa80d587141 | G17: =_xlfn.CONCAT("az account set --subscription ", "'", F17,"'") -> az account set --subscription 'd7c166d0-9efb-412b-bdbc-0fa80d587141' | H17: =_xlfn.CONCAT("ssh -i ssh-keys/terraform-azure.pem -o StrictHostKeyChecking=no tuser@",B17," ", G17) -> ssh -i ssh-keys/terraform-azure.pem -o StrictHostKeyChecking=no tuser@lnx-mkqla-rby-0-2.eastus.cloudapp.azure.com az account set --subscription 'd7c166d0-9efb-412b-bdbc-0fa80d587141' | I17: ='aks details'!E13 -> rg-aks-2 | J17: ='aks details'!F13 -> aks-2 | K17: =_xlfn.CONCAT("az aks get-credentials --resource-group ", I17," --name ", J17, " --overwrite") -> az aks get-credentials --resource-group rg-aks-2 --name aks-2 --overwrite | L17: =_xlfn.CONCAT("ssh -i ssh-keys/terraform-azure.pem -o StrictHostKeyChecking=no tuser@",B17," ", K17) -> ssh -i ssh-keys/terraform-azure.pem -o StrictHostKeyChecking=no tuser@lnx-mkqla-rby-0-2.eastus.cloudapp.azure.com az aks get-credentials --resource-group rg-aks-2 --name aks-2 --overwrite | M17: kubectl get nodes -o wide | N17: =_xlfn.CONCAT("ssh -i ssh-keys/terraform-azure.pem -o StrictHostKeyChecking=no tuser@",B17," ", M17) -> ssh -i ssh-keys/terraform-azure.pem -o StrictHostKeyChecking=no tuser@lnx-mkqla-rby-0-2.eastus.cloudapp.azure.com kubectl get nodes -o wide
... A32: 27 | B32: lnx-plqz-kqp59634-2-2.japaneast.cloudapp.azure.com | C32: tuser | D32: az login -u asreet-tech@atttrainings.com -p Azure@123456 | E32: =_xlfn.CONCAT("ssh -i ssh-keys/terraform-azure.pem -o StrictHostKeyChecking=no tuser@",B32," ", D32) -> ssh -i ssh-keys/terraform-azure.pem -o StrictHostKeyChecking=no tuser@lnx-plqz-kqp59634-2-2.japaneast.cloudapp.azure.com az login -u asreet-tech@atttrainings.com -p Azure@123456 | F32: ='aks details'!C28 -> 4bdd6065-f417-4cb6-b489-7920684e7836 | G32: =_xlfn.CONCAT("az account set --subscription ", "'", F32,"'") -> az account set --subscription '4bdd6065-f417-4cb6-b489-7920684e7836' | H32: =_xlfn.CONCAT("ssh -i ssh-keys/terraform-azure.pem -o StrictHostKeyChecking=no tuser@",B32," ", G32) -> ssh -i ssh-keys/terraform-azure.pem -o StrictHostKeyChecking=no tuser@lnx-plqz-kqp59634-2-2.japaneast.cloudapp.azure.com az account set --subscription '4bdd6065-f417-4cb6-b489-7920684e7836' | I32: ='aks details'!E28 -> rg-aks-2 | J32: ='aks details'!F28 -> aks-2 | K32: =_xlfn.CONCAT("az aks get-credentials --resource-group ", I32," --name ", J32, " --overwrite") -> az aks get-credentials --resource-group rg-aks-2 --name aks-2 --overwrite | L32: =_xlfn.CONCAT("ssh -i ssh-keys/terraform-azure.pem -o StrictHostKeyChecking=no tuser@",B32," ", K32) -> ssh -i ssh-keys/terraform-azure.pem -o StrictHostKeyChecking=no tuser@lnx-plqz-kqp59634-2-2.japaneast.cloudapp.azure.com az aks get-credentials --resource-group rg-aks-2 --name aks-2 --overwrite | M32: kubectl get nodes -o wide | N32: =_xlfn.CONCAT("ssh -i ssh-keys/terraform-azure.pem -o StrictHostKeyChecking=no tuser@",B32," ", M32) -> ssh -i ssh-keys/terraform-azure.pem -o StrictHostKeyChecking=no tuser@lnx-plqz-kqp59634-2-2.japaneast.cloudapp.azure.com kubectl get nodes -o wide

Sheet aks details
A1: Sno | B1: Subscription Name | C1: Subscription ID | D1: Location | E1: RG Name | F1: AKS Name
A2: 1 | B2: Pay as you go - 10 | C2: 6378784e-0a8a-4197-a15d-afc70adb2952 | D2: East US | E2: rg-aks-0 | F2: aks-0
A3: 2 | B3: Pay as you go - 10 | C3: 6378784e-0a8a-4197-a15d-afc70adb2952 | D3: East US 2 | E3: rg-aks-1 | F3: aks-1
A4: 3 | B4: Pay as you go - 10 | C4: 6378784e-0a8a-4197-a15d-afc70adb2952 | D4: Japan East | E4: rg-aks-2 | F4: aks-2
A5: 4 | B5: Pay as you go - 11 | C5: 18c950cd-7d1d-4834-a27b-ce656074eea1 | D5: East US | E5: rg-aks-0 | F5: aks-0
A6: 5 | B6: Pay as you go - 11 | C6: 18c950cd-7d1d-4834-a27b-ce656074eea1 | D6: East US 2 | E6: rg-aks-1 | F6: aks-1
A7: 6 | B7: Pay as you go - 11 | C7: 18c950cd-7d1d-4834-a27b-ce656074eea1 | D7: Japan East | E7: rg-aks-2 | F7: aks-2
A8: 7 | B8: Pay as you go - 12 | C8: 81b49d19-6ecd-4a24-96f4-95ec17aa6799 | D8: East US | E8: rg-aks-0 | F8: aks-0
A9: 8 | B9: Pay as you go - 12 | C9: 81b49d19-6ecd-4a24-96f4-95ec17aa6799 | D9: East US 2 | E9: rg-aks-1 | F9: aks-1
A10: 9 | B10: Pay as you go - 12 | C10: 81b49d19-6ecd-4a24-96f4-95ec17aa6799 | D10: Japan East | E10: rg-aks-2 | F10: aks-2
A11: 10 | B11: Pay as you go - 13 | C11: d7c166d0-9efb-412b-bdbc-0fa80d587141 | D11: East US | E11: rg-aks-0 | F11: aks-0
A12: 11 | B12: Pay as you go - 13 | C12: d7c166d0-9efb-412b-bdbc-0fa80d587141 | D12: East US 2 | E12: rg-aks-1 | F12: aks-1
A13: 12 | B13: Pay as you go - 13 | C13: d7c166d0-9efb-412b-bdbc-0fa80d587141 | D13: Japan East | E13: rg-aks-2 | F13: aks-2
... A28: 27 | B28: Pay as you go - 26 | C28: 4bdd6065-f417-4cb6-b489-7920684e7836 | D28: Japan East | E28: rg-aks-2 | F28: aks-2
